"SourceId","Slice","Category","Width","Height","X","Y","TypeRelativePath"
"source_01","slice_091.png","buttons","286","54","1050","555","by_type/buttons/source_01_091_286x54.png"
"source_01","slice_130.png","buttons","286","53","1050","618","by_type/buttons/source_01_130_286x53.png"
"source_01","slice_154.png","buttons","286","52","1050","679","by_type/buttons/source_01_154_286x52.png"
"source_01","slice_012.png","buttons","80","60","1083","143","by_type/buttons/source_01_012_80x60.png"
"source_01","slice_042.png","buttons","227","42","1085","432","by_type/buttons/source_01_042_227x42.png"
"source_01","slice_043.png","buttons","227","43","1085","478","by_type/buttons/source_01_043_227x43.png"
"source_01","slice_038.png","buttons","227","43","1086","244","by_type/buttons/source_01_038_227x43.png"
"source_01","slice_039.png","buttons","227","42","1086","292","by_type/buttons/source_01_039_227x42.png"
"source_01","slice_040.png","buttons","227","43","1086","339","by_type/buttons/source_01_040_227x43.png"
"source_01","slice_041.png","buttons","226","42","1086","386","by_type/buttons/source_01_041_226x42.png"
"source_01","slice_013.png","buttons","80","60","1173","143","by_type/buttons/source_01_013_80x60.png"
"source_01","slice_014.png","buttons","76","61","1263","143","by_type/buttons/source_01_014_76x61.png"
"source_01","slice_015.png","buttons","69","61","1349","143","by_type/buttons/source_01_015_69x61.png"
"source_01","slice_118.png","buttons","48","63","148","599","by_type/buttons/source_01_118_48x63.png"
"source_01","slice_119.png","buttons","48","63","207","599","by_type/buttons/source_01_119_48x63.png"
"source_01","slice_120.png","buttons","47","63","268","599","by_type/buttons/source_01_120_47x63.png"
"source_01","slice_116.png","buttons","46","63","31","599","by_type/buttons/source_01_116_46x63.png"
"source_01","slice_121.png","buttons","48","63","327","599","by_type/buttons/source_01_121_48x63.png"
"source_01","slice_122.png","buttons","48","63","386","599","by_type/buttons/source_01_122_48x63.png"
"source_01","slice_123.png","buttons","47","63","444","599","by_type/buttons/source_01_123_47x63.png"
"source_01","slice_124.png","buttons","47","63","503","599","by_type/buttons/source_01_124_47x63.png"
"source_01","slice_125.png","buttons","47","63","561","599","by_type/buttons/source_01_125_47x63.png"
"source_01","slice_126.png","buttons","48","63","618","599","by_type/buttons/source_01_126_48x63.png"
"source_01","slice_127.png","buttons","47","63","677","599","by_type/buttons/source_01_127_47x63.png"
"source_01","slice_128.png","buttons","48","63","760","599","by_type/buttons/source_01_128_48x63.png"
"source_01","slice_129.png","buttons","48","63","829","599","by_type/buttons/source_01_129_48x63.png"
"source_01","slice_117.png","buttons","48","63","88","599","by_type/buttons/source_01_117_48x63.png"
"source_01","slice_011.png","buttons","85","60","988","143","by_type/buttons/source_01_011_85x60.png"
"source_01","slice_026.png","cards","183","338","221","181","by_type/cards/source_01_026_183x338.png"
"source_01","slice_025.png","cards","183","338","24","180","by_type/cards/source_01_025_183x338.png"
"source_01","slice_187.png","cards","643","202","36","770","by_type/cards/source_01_187_643x202.png"
"source_01","slice_027.png","cards","181","337","416","181","by_type/cards/source_01_027_181x337.png"
"source_01","slice_028.png","cards","181","337","611","181","by_type/cards/source_01_028_181x337.png"
"source_01","slice_029.png","cards","179","337","805","181","by_type/cards/source_01_029_179x337.png"
"source_01","slice_001.png","components","897","135","31","17","by_type/components/source_01_001_897x135.png"
"source_01","slice_131.png","icons","21","13","239","676","by_type/icons/source_01_131_21x13.png"
"source_01","slice_132.png","icons","9","13","261","676","by_type/icons/source_01_132_9x13.png"
"source_01","slice_133.png","icons","10","13","275","676","by_type/icons/source_01_133_10x13.png"
"source_01","slice_136.png","icons","10","14","290","679","by_type/icons/source_01_136_10x14.png"
"source_01","slice_137.png","icons","19","11","300","678","by_type/icons/source_01_137_19x11.png"
"source_01","slice_139.png","icons","16","12","323","677","by_type/icons/source_01_139_16x12.png"
"source_01","slice_140.png","icons","9","13","345","676","by_type/icons/source_01_140_9x13.png"
"source_01","slice_141.png","icons","9","10","355","679","by_type/icons/source_01_141_9x10.png"
"source_01","slice_142.png","icons","3","13","365","676","by_type/icons/source_01_142_3x13.png"
"source_01","slice_143.png","icons","3","13","370","676","by_type/icons/source_01_143_3x13.png"
"source_01","slice_144.png","icons","9","13","374","676","by_type/icons/source_01_144_9x13.png"
"source_01","slice_145.png","icons","9","10","388","679","by_type/icons/source_01_145_9x10.png"
"source_01","slice_146.png","icons","9","10","398","679","by_type/icons/source_01_146_9x10.png"
"source_01","slice_147.png","icons","9","14","408","679","by_type/icons/source_01_147_9x14.png"
"source_01","slice_148.png","icons","10","14","421","679","by_type/icons/source_01_148_10x14.png"
"source_01","slice_152.png","icons","8","10","443","679","by_type/icons/source_01_152_8x10.png"
"source_01","slice_153.png","icons","9","10","451","679","by_type/icons/source_01_153_9x10.png"
"source_01","slice_186.png","screens","661","306","698","753","by_type/screens/source_01_186_661x306.png"
"source_02","slice_139.png","buttons","195","52","1190","991","by_type/buttons/source_02_139_195x52.png"
"source_02","slice_128.png","buttons","91","115","136","794","by_type/buttons/source_02_128_91x115.png"
"source_02","slice_137.png","buttons","37","39","254","840","by_type/buttons/source_02_137_37x39.png"
"source_02","slice_129.png","buttons","81","115","313","794","by_type/buttons/source_02_129_81x115.png"
"source_02","slice_136.png","buttons","52","89","418","806","by_type/buttons/source_02_136_52x89.png"
"source_02","slice_002.png","buttons","271","39","42","258","by_type/buttons/source_02_002_271x39.png"
"source_02","slice_036.png","buttons","295","40","42","491","by_type/buttons/source_02_036_295x40.png"
"source_02","slice_073.png","buttons","198","38","42","739","by_type/buttons/source_02_073_198x38.png"
"source_02","slice_130.png","buttons","82","115","483","794","by_type/buttons/source_02_130_82x115.png"
"source_02","slice_140.png","buttons","591","41","544","996","by_type/buttons/source_02_140_591x41.png"
"source_02","slice_074.png","buttons","275","38","632","739","by_type/buttons/source_02_074_275x38.png"
"source_02","slice_070.png","cards","127","169","1008","545","by_type/cards/source_02_070_127x169.png"
"source_02","slice_071.png","cards","126","169","1149","545","by_type/cards/source_02_071_126x169.png"
"source_02","slice_072.png","cards","126","169","1289","545","by_type/cards/source_02_072_126x169.png"
"source_02","slice_001.png","cards","1137","202","156","25","by_type/cards/source_02_001_1137x202.png"
"source_02","slice_064.png","cards","125","169","169","545","by_type/cards/source_02_064_125x169.png"
"source_02","slice_063.png","cards","125","169","30","545","by_type/cards/source_02_063_125x169.png"
"source_02","slice_065.png","cards","127","169","307","545","by_type/cards/source_02_065_127x169.png"
"source_02","slice_066.png","cards","126","169","447","545","by_type/cards/source_02_066_126x169.png"
"source_02","slice_067.png","cards","127","169","587","545","by_type/cards/source_02_067_127x169.png"
"source_02","slice_068.png","cards","126","169","728","545","by_type/cards/source_02_068_126x169.png"
"source_02","slice_069.png","cards","127","169","867","545","by_type/cards/source_02_069_127x169.png"
"source_02","slice_134.png","components","161","142","1089","793","by_type/components/source_02_134_161x142.png"
"source_02","slice_138.png","components","414","116","42","938","by_type/components/source_02_138_414x116.png"
"source_02","slice_132.png","components","161","142","769","793","by_type/components/source_02_132_161x142.png"
"source_02","slice_033.png","icons","106","148","1030","317","by_type/icons/source_02_033_106x148.png"
"source_02","slice_034.png","icons","110","151","1162","315","by_type/icons/source_02_034_110x151.png"
"source_02","slice_126.png","icons","67","4","1183","757","by_type/icons/source_02_126_67x4.png"
"source_02","slice_135.png","icons","155","142","1253","793","by_type/icons/source_02_135_155x142.png"
"source_02","slice_035.png","icons","109","149","1297","316","by_type/icons/source_02_035_109x149.png"
"source_02","slice_027.png","icons","86","147","189","318","by_type/icons/source_02_027_86x147.png"
"source_02","slice_028.png","icons","109","150","319","316","by_type/icons/source_02_028_109x150.png"
"source_02","slice_127.png","icons","75","117","41","790","by_type/icons/source_02_127_75x117.png"
"source_02","slice_026.png","icons","115","151","43","315","by_type/icons/source_02_026_115x151.png"
"source_02","slice_029.png","icons","112","149","465","318","by_type/icons/source_02_029_112x149.png"
"source_02","slice_125.png","icons","52","4","523","757","by_type/icons/source_02_125_52x4.png"
"source_02","slice_025.png","icons","137","5","595","274","by_type/icons/source_02_025_137x5.png"
"source_02","slice_030.png","icons","116","148","607","317","by_type/icons/source_02_030_116x148.png"
"source_02","slice_131.png","icons","153","142","613","793","by_type/icons/source_02_131_153x142.png"
"source_02","slice_062.png","icons","88","4","621","508","by_type/icons/source_02_062_88x4.png"
"source_02","slice_031.png","icons","108","149","751","317","by_type/icons/source_02_031_108x149.png"
"source_02","slice_032.png","icons","112","148","888","318","by_type/icons/source_02_032_112x148.png"
"source_02","slice_133.png","icons","155","142","933","793","by_type/icons/source_02_133_155x142.png"
"source_03","slice_010.png","cards","607","219","35","838","by_type/cards/source_03_010_607x219.png"
"source_03","slice_001.png","components","1082","137","168","9","by_type/components/source_03_001_1082x137.png"
"source_03","slice_007.png","screens","607","240","35","586","by_type/screens/source_03_007_607x240.png"
"source_03","slice_002.png","screens","388","421","38","157","by_type/screens/source_03_002_388x421.png"
"source_03","slice_003.png","screens","366","421","440","157","by_type/screens/source_03_003_366x421.png"
"source_03","slice_008.png","screens","755","476","670","587","by_type/screens/source_03_008_755x476.png"
"source_03","slice_004.png","screens","578","418","824","157","by_type/screens/source_03_004_578x418.png"
"source_04","slice_079.png","buttons","350","108","1070","454","by_type/buttons/source_04_079_350x108.png"
"source_04","slice_107.png","buttons","350","110","1070","603","by_type/buttons/source_04_107_350x110.png"
"source_04","slice_019.png","buttons","90","95","1300","196","by_type/buttons/source_04_019_90x95.png"
"source_04","slice_082.png","buttons","126","46","156","474","by_type/buttons/source_04_082_126x46.png"
"source_04","slice_197.png","buttons","130","50","191","980","by_type/buttons/source_04_197_130x50.png"
"source_04","slice_081.png","buttons","121","46","22","474","by_type/buttons/source_04_081_121x46.png"
"source_04","slice_086.png","buttons","190","49","22","540","by_type/buttons/source_04_086_190x49.png"
"source_04","slice_087.png","buttons","180","49","223","540","by_type/buttons/source_04_087_180x49.png"
"source_04","slice_108.png","buttons","201","58","23","626","by_type/buttons/source_04_108_201x58.png"
"source_04","slice_114.png","buttons","201","58","23","698","by_type/buttons/source_04_114_201x58.png"
"source_04","slice_109.png","buttons","210","58","236","626","by_type/buttons/source_04_109_210x58.png"
"source_04","slice_115.png","buttons","210","58","236","698","by_type/buttons/source_04_115_210x58.png"
"source_04","slice_196.png","buttons","135","50","25","980","by_type/buttons/source_04_196_135x50.png"
"source_04","slice_083.png","buttons","134","46","294","474","by_type/buttons/source_04_083_134x46.png"
"source_04","slice_198.png","buttons","131","50","356","980","by_type/buttons/source_04_198_131x50.png"
"source_04","slice_088.png","buttons","186","48","415","541","by_type/buttons/source_04_088_186x48.png"
"source_04","slice_084.png","buttons","108","46","441","474","by_type/buttons/source_04_084_108x46.png"
"source_04","slice_110.png","buttons","205","58","457","626","by_type/buttons/source_04_110_205x58.png"
"source_04","slice_116.png","buttons","205","58","457","698","by_type/buttons/source_04_116_205x58.png"
"source_04","slice_199.png","buttons","165","50","524","980","by_type/buttons/source_04_199_165x50.png"
"source_04","slice_085.png","buttons","119","46","562","474","by_type/buttons/source_04_085_119x46.png"
"source_04","slice_014.png","cards","159","228","211","190","by_type/cards/source_04_014_159x228.png"
"source_04","slice_013.png","cards","158","227","31","190","by_type/cards/source_04_013_158x227.png"
"source_04","slice_015.png","cards","161","228","392","190","by_type/cards/source_04_015_161x228.png"
"source_04","slice_016.png","cards","159","228","576","190","by_type/cards/source_04_016_159x228.png"
"source_04","slice_152.png","cards","673","205","736","851","by_type/cards/source_04_152_673x205.png"
"source_04","slice_017.png","cards","158","228","758","190","by_type/cards/source_04_017_158x228.png"
"source_04","slice_136.png","components","192","131","243","801","by_type/components/source_04_136_192x131.png"
"source_04","slice_135.png","components","192","131","25","801","by_type/components/source_04_135_192x131.png"
"source_04","slice_001.png","components","905","140","31","17","by_type/components/source_04_001_905x140.png"
"source_04","slice_137.png","components","192","131","462","801","by_type/components/source_04_137_192x131.png"
"source_04","slice_080.png","screens","310","362","730","456","by_type/screens/source_04_080_310x362.png"
"source_04","slice_002.png","screens","472","247","957","126","by_type/screens/source_04_002_472x247.png"
"source_05","slice_001.png","screens","1254","1254","0","0","by_type/screens/source_05_001_1254x1254.png"
"source_06","slice_188.png","buttons","192","39","1070","682","by_type/buttons/source_06_188_192x39.png"
"source_06","slice_208.png","buttons","192","38","1070","726","by_type/buttons/source_06_208_192x38.png"
"source_06","slice_122.png","buttons","678","47","11","526","by_type/buttons/source_06_122_678x47.png"
"source_06","slice_043.png","buttons","72","46","1158","132","by_type/buttons/source_06_043_72x46.png"
"source_06","slice_002.png","buttons","272","63","1159","16","by_type/buttons/source_06_002_272x63.png"
"source_06","slice_172.png","buttons","212","73","12","614","by_type/buttons/source_06_172_212x73.png"
"source_06","slice_251.png","buttons","272","34","12","888","by_type/buttons/source_06_251_272x34.png"
"source_06","slice_260.png","buttons","272","33","12","929","by_type/buttons/source_06_260_272x33.png"
"source_06","slice_265.png","buttons","272","31","12","971","by_type/buttons/source_06_265_272x31.png"
"source_06","slice_044.png","buttons","105","46","1241","132","by_type/buttons/source_06_044_105x46.png"
"source_06","slice_071.png","buttons","127","79","1251","241","by_type/buttons/source_06_071_127x79.png"
"source_06","slice_109.png","buttons","126","80","1252","358","by_type/buttons/source_06_109_126x80.png"
"source_06","slice_211.png","buttons","34","33","1299","757","by_type/buttons/source_06_211_34x33.png"
"source_06","slice_293.png","buttons","271","29","13","1013","by_type/buttons/source_06_293_271x29.png"
"source_06","slice_042.png","buttons","46","47","1357","131","by_type/buttons/source_06_042_46x47.png"
"source_06","slice_173.png","buttons","162","57","241","622","by_type/buttons/source_06_173_162x57.png"
"source_06","slice_266.png","buttons","254","36","344","965","by_type/buttons/source_06_266_254x36.png"
"source_06","slice_294.png","buttons","254","34","345","1010","by_type/buttons/source_06_294_254x34.png"
"source_06","slice_261.png","buttons","248","32","347","927","by_type/buttons/source_06_261_248x32.png"
"source_06","slice_255.png","buttons","247","33","348","890","by_type/buttons/source_06_255_247x33.png"
"source_06","slice_174.png","buttons","167","57","420","622","by_type/buttons/source_06_174_167x57.png"
"source_06","slice_175.png","buttons","162","57","604","622","by_type/buttons/source_06_175_162x57.png"
"source_06","slice_295.png","buttons","33","24","687","1013","by_type/buttons/source_06_295_33x24.png"
"source_06","slice_040.png","buttons","228","70","695","118","by_type/buttons/source_06_040_228x70.png"
"source_06","slice_289.png","buttons","45","45","815","984","by_type/buttons/source_06_289_45x45.png"
"source_06","slice_257.png","buttons","33","39","825","905","by_type/buttons/source_06_257_33x39.png"
"source_06","slice_290.png","buttons","39","40","866","987","by_type/buttons/source_06_290_39x40.png"
"source_06","slice_291.png","buttons","40","41","913","987","by_type/buttons/source_06_291_40x41.png"
"source_06","slice_259.png","buttons","38","40","944","907","by_type/buttons/source_06_259_38x40.png"
"source_06","slice_292.png","buttons","41","43","962","985","by_type/buttons/source_06_292_41x43.png"
"source_06","slice_041.png","buttons","146","58","965","122","by_type/buttons/source_06_041_146x58.png"
"source_06","slice_120.png","cards","226","201","1125","459","by_type/cards/source_06_120_226x201.png"
"source_06","slice_072.png","cards","321","234","22","262","by_type/cards/source_06_072_321x234.png"
"source_06","slice_094.png","cards","241","214","360","283","by_type/cards/source_06_094_241x214.png"
"source_06","slice_095.png","cards","160","217","629","282","by_type/cards/source_06_095_160x217.png"
"source_06","slice_119.png","cards","225","300","823","459","by_type/cards/source_06_119_225x300.png"
"source_06","slice_256.png","components","172","21","617","898","by_type/components/source_06_256_172x21.png"
"source_06","slice_264.png","components","169","21","619","938","by_type/components/source_06_264_169x21.png"
"source_06","slice_069.png","icons","118","150","1095","232","by_type/icons/source_06_069_118x150.png"
"source_06","slice_189.png","icons","29","29","1301","676","by_type/icons/source_06_189_29x29.png"
"source_06","slice_204.png","icons","112","121","140","719","by_type/icons/source_06_204_112x121.png"
"source_06","slice_203.png","icons","111","122","15","719","by_type/icons/source_06_203_111x122.png"
"source_06","slice_205.png","icons","111","123","266","719","by_type/icons/source_06_205_111x123.png"
"source_06","slice_206.png","icons","111","122","392","719","by_type/icons/source_06_206_111x122.png"
"source_06","slice_272.png","icons","8","9","618","981","by_type/icons/source_06_272_8x9.png"
"source_06","slice_300.png","icons","62","17","620","1022","by_type/icons/source_06_300_62x17.png"
"source_06","slice_280.png","icons","22","22","693","974","by_type/icons/source_06_280_22x22.png"
"source_06","slice_301.png","icons","63","17","724","1022","by_type/icons/source_06_301_63x17.png"
"source_06","slice_284.png","icons","10","4","742","983","by_type/icons/source_06_284_10x4.png"
"source_06","slice_288.png","icons","8","8","780","981","by_type/icons/source_06_288_8x8.png"
"source_06","slice_067.png","icons","121","146","833","233","by_type/icons/source_06_067_121x146.png"
"source_06","slice_144.png","icons","134","133","870","548","by_type/icons/source_06_144_134x133.png"
"source_06","slice_258.png","icons","31","38","883","906","by_type/icons/source_06_258_31x38.png"
"source_06","slice_123.png","icons","6","11","90","544","by_type/icons/source_06_123_6x11.png"
"source_06","slice_068.png","icons","120","149","965","232","by_type/icons/source_06_068_120x149.png"
"source_06","slice_228.png","screens","421","224","1015","853","by_type/screens/source_06_228_421x224.png"
"source_06","slice_001.png","screens","663","230","14","12","by_type/screens/source_06_001_663x230.png"
"source_07","slice_225.png","buttons","227","73","1029","775","by_type/buttons/source_07_225_227x73.png"
"source_07","slice_003.png","buttons","114","97","1030","16","by_type/buttons/source_07_003_114x97.png"
"source_07","slice_273.png","buttons","226","38","1030","860","by_type/buttons/source_07_273_226x38.png"
"source_07","slice_004.png","buttons","116","97","1152","16","by_type/buttons/source_07_004_116x97.png"
"source_07","slice_005.png","buttons","114","97","1275","16","by_type/buttons/source_07_005_114x97.png"
"source_07","slice_001.png","buttons","296","78","13","16","by_type/buttons/source_07_001_296x78.png"
"source_07","slice_002.png","buttons","114","97","908","16","by_type/buttons/source_07_002_114x97.png"
"source_07","slice_213.png","cards","248","312","1020","748","by_type/cards/source_07_213_248x312.png"
"source_07","slice_275.png","cards","149","182","1284","887","by_type/cards/source_07_275_149x182.png"
"source_07","slice_224.png","cards","272","287","22","771","by_type/cards/source_07_224_272x287.png"
"source_07","slice_089.png","cards","538","171","470","234","by_type/cards/source_07_089_538x171.png"
"source_07","slice_143.png","cards","175","211","478","448","by_type/cards/source_07_143_175x211.png"
"source_07","slice_144.png","cards","364","175","661","459","by_type/cards/source_07_144_364x175.png"
"source_07","slice_242.png","cards","195","199","68","814","by_type/cards/source_07_242_195x199.png"
"source_07","slice_072.png","components","1264","109","114","102","by_type/components/source_07_072_1264x109.png"
"source_07","slice_159.png","components","982","45","15","680","by_type/components/source_07_159_982x45.png"
"source_07","slice_238.png","components","3","213","282","791","by_type/components/source_07_238_3x213.png"
"source_07","slice_240.png","components","6","253","32","792","by_type/components/source_07_240_6x253.png"
"source_07","slice_324.png","components","229","3","48","1042","by_type/components/source_07_324_229x3.png"
"source_07","slice_241.png","components","6","199","53","814","by_type/components/source_07_241_6x199.png"
"source_07","slice_283.png","icons","104","129","1030","910","by_type/icons/source_07_283_104x129.png"
"source_07","slice_258.png","icons","22","8","104","841","by_type/icons/source_07_258_22x8.png"
"source_07","slice_232.png","icons","38","9","109","784","by_type/icons/source_07_232_38x9.png"
"source_07","slice_284.png","icons","124","132","1137","907","by_type/icons/source_07_284_124x132.png"
"source_07","slice_243.png","icons","28","9","114","812","by_type/icons/source_07_243_28x9.png"
"source_07","slice_259.png","icons","26","8","128","841","by_type/icons/source_07_259_26x8.png"
"source_07","slice_214.png","icons","148","128","1285","748","by_type/icons/source_07_214_148x128.png"
"source_07","slice_244.png","icons","13","9","145","812","by_type/icons/source_07_244_13x9.png"
"source_07","slice_233.png","icons","26","9","150","784","by_type/icons/source_07_233_26x9.png"
"source_07","slice_260.png","icons","13","8","157","841","by_type/icons/source_07_260_13x8.png"
"source_07","slice_245.png","icons","12","9","159","812","by_type/icons/source_07_245_12x9.png"
"source_07","slice_247.png","icons","24","10","178","812","by_type/icons/source_07_247_24x10.png"
"source_07","slice_234.png","icons","9","10","179","784","by_type/icons/source_07_234_9x10.png"
"source_07","slice_263.png","icons","8","11","186","840","by_type/icons/source_07_263_8x11.png"
"source_07","slice_235.png","icons","15","9","189","784","by_type/icons/source_07_235_15x9.png"
"source_07","slice_264.png","icons","18","11","195","840","by_type/icons/source_07_264_18x11.png"
"source_07","slice_267.png","icons","7","138","234","842","by_type/icons/source_07_267_7x138.png"
"source_07","slice_270.png","icons","5","129","76","857","by_type/icons/source_07_270_5x129.png"
"source_07","slice_257.png","icons","18","3","82","842","by_type/icons/source_07_257_18x3.png"
"source_07","slice_151.png","icons","23","18","863","585","by_type/icons/source_07_151_23x18.png"
"source_07","slice_115.png","screens","392","441","1034","259","by_type/screens/source_07_115_392x441.png"
"source_07","slice_081.png","screens","426","424","33","234","by_type/screens/source_07_081_426x424.png"
"source_07","slice_215.png","screens","658","301","331","767","by_type/screens/source_07_215_658x301.png"
"source_08","slice_092.png","buttons","293","79","1097","564","by_type/buttons/source_08_092_293x79.png"
"source_08","slice_001.png","buttons","273","63","1142","16","by_type/buttons/source_08_001_273x63.png"
"source_08","slice_185.png","buttons","147","67","212","949","by_type/buttons/source_08_185_147x67.png"
"source_08","slice_141.png","buttons","207","71","215","785","by_type/buttons/source_08_141_207x71.png"
"source_08","slice_140.png","buttons","173","71","24","785","by_type/buttons/source_08_140_173x71.png"
"source_08","slice_182.png","buttons","161","73","25","944","by_type/buttons/source_08_182_161x73.png"
"source_08","slice_186.png","buttons","143","65","381","949","by_type/buttons/source_08_186_143x65.png"
"source_08","slice_142.png","buttons","213","71","445","785","by_type/buttons/source_08_142_213x71.png"
"source_08","slice_145.png","buttons","81","84","753","880","by_type/buttons/source_08_145_81x84.png"
"source_08","slice_025.png","buttons","465","86","942","133","by_type/buttons/source_08_025_465x86.png"
"source_08","slice_079.png","cards","254","318","344","397","by_type/cards/source_08_079_254x318.png"
"source_08","slice_047.png","cards","253","348","50","370","by_type/cards/source_08_047_253x348.png"
"source_08","slice_005.png","cards","512","217","51","62","by_type/cards/source_08_005_512x217.png"
"source_08","slice_078.png","components","277","131","1098","394","by_type/components/source_08_078_277x131.png"
"source_08","slice_026.png","components","973","59","386","294","by_type/components/source_08_026_973x59.png"
"source_08","slice_017.png","components","301","135","605","107","by_type/components/source_08_017_301x135.png"
"source_08","slice_081.png","icons","141","136","108","486","by_type/icons/source_08_081_141x136.png"
"source_08","slice_164.png","icons","121","137","551","921","by_type/icons/source_08_164_121x137.png"
"source_08","slice_080.png","screens","362","259","651","396","by_type/screens/source_08_080_362x259.png"
"source_08","slice_121.png","screens","731","364","703","704","by_type/screens/source_08_121_731x364.png"
"source_09","slice_046.png","buttons","226","55","1032","255","by_type/buttons/source_09_046_226x55.png"
"source_09","slice_040.png","buttons","111","72","1047","164","by_type/buttons/source_09_040_111x72.png"
"source_09","slice_002.png","buttons","271","63","1161","17","by_type/buttons/source_09_002_271x63.png"
"source_09","slice_041.png","buttons","111","72","1170","164","by_type/buttons/source_09_041_111x72.png"
"source_09","slice_087.png","buttons","97","97","129","403","by_type/buttons/source_09_087_97x97.png"
"source_09","slice_042.png","buttons","111","72","1293","164","by_type/buttons/source_09_042_111x72.png"
"source_09","slice_257.png","buttons","306","51","14","837","by_type/buttons/source_09_257_306x51.png"
"source_09","slice_286.png","buttons","537","102","15","953","by_type/buttons/source_09_286_537x102.png"
"source_09","slice_086.png","buttons","94","96","17","404","by_type/buttons/source_09_086_94x96.png"
"source_09","slice_048.png","buttons","136","26","205","325","by_type/buttons/source_09_048_136x26.png"
"source_09","slice_163.png","buttons","223","53","234","592","by_type/buttons/source_09_163_223x53.png"
"source_09","slice_223.png","buttons","78","102","242","696","by_type/buttons/source_09_223_78x102.png"
"source_09","slice_088.png","buttons","103","95","248","405","by_type/buttons/source_09_088_103x95.png"
"source_09","slice_227.png","buttons","124","60","365","710","by_type/buttons/source_09_227_124x60.png"
"source_09","slice_089.png","buttons","99","98","371","403","by_type/buttons/source_09_089_99x98.png"
"source_09","slice_049.png","buttons","132","26","380","325","by_type/buttons/source_09_049_132x26.png"
"source_09","slice_258.png","buttons","139","56","393","841","by_type/buttons/source_09_258_139x56.png"
"source_09","slice_047.png","buttons","118","25","40","325","by_type/buttons/source_09_047_118x25.png"
"source_09","slice_164.png","buttons","174","53","488","592","by_type/buttons/source_09_164_174x53.png"
"source_09","slice_090.png","buttons","98","97","489","404","by_type/buttons/source_09_090_98x97.png"
"source_09","slice_228.png","buttons","125","60","502","710","by_type/buttons/source_09_228_125x60.png"
"source_09","slice_050.png","buttons","128","26","555","325","by_type/buttons/source_09_050_128x26.png"
"source_09","slice_091.png","buttons","97","96","606","405","by_type/buttons/source_09_091_97x96.png"
"source_09","slice_271.png","buttons","210","68","611","864","by_type/buttons/source_09_271_210x68.png"
"source_09","slice_285.png","buttons","210","69","611","947","by_type/buttons/source_09_285_210x69.png"
"source_09","slice_229.png","buttons","131","60","640","710","by_type/buttons/source_09_229_131x60.png"
"source_09","slice_051.png","buttons","130","26","730","325","by_type/buttons/source_09_051_130x26.png"
"source_09","slice_039.png","buttons","120","73","915","163","by_type/buttons/source_09_039_120x73.png"
"source_09","slice_093.png","cards","148","182","1039","409","by_type/cards/source_09_093_148x182.png"
"source_09","slice_094.png","cards","187","172","1228","410","by_type/cards/source_09_094_187x172.png"
"source_09","slice_035.png","cards","168","171","15","146","by_type/cards/source_09_035_168x171.png"
"source_09","slice_143.png","cards","184","209","16","574","by_type/cards/source_09_143_184x209.png"
"source_09","slice_036.png","cards","168","172","188","145","by_type/cards/source_09_036_168x172.png"
"source_09","slice_037.png","cards","167","172","362","145","by_type/cards/source_09_037_167x172.png"
"source_09","slice_038.png","cards","169","174","534","144","by_type/cards/source_09_038_169x174.png"
"source_09","slice_033.png","cards","171","176","708","143","by_type/cards/source_09_033_171x176.png"
"source_09","slice_092.png","cards","281","178","725","411","by_type/cards/source_09_092_281x178.png"
"source_09","slice_001.png","components","798","103","15","14","by_type/components/source_09_001_798x103.png"
"source_09","slice_266.png","components","6","179","595","853","by_type/components/source_09_266_6x179.png"
"source_09","slice_268.png","icons","38","11","1018","861","by_type/icons/source_09_268_38x11.png"
"source_09","slice_261.png","icons","7","11","1021","849","by_type/icons/source_09_261_7x11.png"
"source_09","slice_262.png","icons","25","12","1028","848","by_type/icons/source_09_262_25x12.png"
"source_09","slice_272.png","icons","5","10","1302","904","by_type/icons/source_09_272_5x10.png"
"source_09","slice_099.png","icons","13","20","622","457","by_type/icons/source_09_099_13x20.png"
"source_09","slice_095.png","icons","11","20","629","431","by_type/icons/source_09_095_11x20.png"
"source_09","slice_100.png","icons","13","20","635","457","by_type/icons/source_09_100_13x20.png"
"source_09","slice_096.png","icons","13","20","641","431","by_type/icons/source_09_096_13x20.png"
"source_09","slice_101.png","icons","15","20","647","457","by_type/icons/source_09_101_15x20.png"
"source_09","slice_097.png","icons","12","20","655","431","by_type/icons/source_09_097_12x20.png"
"source_09","slice_102.png","icons","26","20","661","457","by_type/icons/source_09_102_26x20.png"
"source_09","slice_098.png","icons","12","20","668","431","by_type/icons/source_09_098_12x20.png"
"source_09","slice_234.png","icons","5","11","699","735","by_type/icons/source_09_234_5x11.png"
"source_09","slice_267.png","icons","8","117","830","852","by_type/icons/source_09_267_8x117.png"
"source_09","slice_289.png","icons","7","46","830","988","by_type/icons/source_09_289_7x46.png"
"source_09","slice_292.png","icons","5","10","96","1023","by_type/icons/source_09_292_5x10.png"
"source_09","slice_191.png","screens","521","435","872","641","by_type/screens/source_09_191_521x435.png"
"source_10","slice_059.png","buttons","144","72","1000","317","by_type/buttons/source_10_059_144x72.png"
"source_10","slice_080.png","buttons","57","59","1039","428","by_type/buttons/source_10_080_57x59.png"
"source_10","slice_032.png","buttons","92","103","1074","156","by_type/buttons/source_10_032_92x103.png"
"source_10","slice_082.png","buttons","104","69","1183","438","by_type/buttons/source_10_082_104x69.png"
"source_10","slice_007.png","buttons","235","52","1185","14","by_type/buttons/source_10_007_235x52.png"
"source_10","slice_033.png","buttons","94","58","1185","156","by_type/buttons/source_10_033_94x58.png"
"source_10","slice_035.png","buttons","94","57","1185","228","by_type/buttons/source_10_035_94x57.png"
"source_10","slice_060.png","buttons","203","66","1186","330","by_type/buttons/source_10_060_203x66.png"
"source_10","slice_034.png","buttons","95","58","1293","156","by_type/buttons/source_10_034_95x58.png"
"source_10","slice_036.png","buttons","95","57","1293","228","by_type/buttons/source_10_036_95x57.png"
"source_10","slice_083.png","buttons","103","69","1299","438","by_type/buttons/source_10_083_103x69.png"
"source_10","slice_088.png","buttons","439","53","22","510","by_type/buttons/source_10_088_439x53.png"
"source_10","slice_106.png","buttons","439","106","22","564","by_type/buttons/source_10_106_439x106.png"
"source_10","slice_111.png","buttons","439","106","22","671","by_type/buttons/source_10_111_439x106.png"
"source_10","slice_127.png","buttons","149","25","336","974","by_type/buttons/source_10_127_149x25.png"
"source_10","slice_103.png","buttons","139","79","487","535","by_type/buttons/source_10_103_139x79.png"
"source_10","slice_126.png","buttons","46","44","503","963","by_type/buttons/source_10_126_46x44.png"
"source_10","slice_056.png","buttons","151","72","542","317","by_type/buttons/source_10_056_151x72.png"
"source_10","slice_076.png","buttons","264","68","542","427","by_type/buttons/source_10_076_264x68.png"
"source_10","slice_128.png","buttons","161","25","572","972","by_type/buttons/source_10_128_161x25.png"
"source_10","slice_131.png","buttons","104","24","600","1015","by_type/buttons/source_10_131_104x24.png"
"source_10","slice_104.png","buttons","136","79","634","535","by_type/buttons/source_10_104_136x79.png"
"source_10","slice_014.png","buttons","435","54","635","56","by_type/buttons/source_10_014_435x54.png"
"source_10","slice_028.png","buttons","94","115","641","152","by_type/buttons/source_10_028_94x115.png"
"source_10","slice_057.png","buttons","140","71","700","318","by_type/buttons/source_10_057_140x71.png"
"source_10","slice_077.png","buttons","57","59","836","428","by_type/buttons/source_10_077_57x59.png"
"source_10","slice_058.png","buttons","144","72","847","317","by_type/buttons/source_10_058_144x72.png"
"source_10","slice_030.png","buttons","93","115","861","152","by_type/buttons/source_10_030_93x115.png"
"source_10","slice_078.png","buttons","57","59","903","428","by_type/buttons/source_10_078_57x59.png"
"source_10","slice_031.png","buttons","91","115","969","152","by_type/buttons/source_10_031_91x115.png"
"source_10","slice_079.png","buttons","58","59","970","428","by_type/buttons/source_10_079_58x59.png"
"source_10","slice_045.png","cards","500","180","21","287","by_type/cards/source_10_045_500x180.png"
"source_10","slice_119.png","cards","281","248","22","808","by_type/cards/source_10_119_281x248.png"
"source_10","slice_112.png","cards","286","222","486","681","by_type/cards/source_10_112_286x222.png"
"source_10","slice_133.png","icons","8","7","336","1024","by_type/icons/source_10_133_8x7.png"
"source_10","slice_129.png","icons","19","17","401","1019","by_type/icons/source_10_129_19x17.png"
"source_10","slice_148.png","icons","8","7","477","1024","by_type/icons/source_10_148_8x7.png"
"source_10","slice_149.png","icons","11","11","496","1022","by_type/icons/source_10_149_11x11.png"
"source_10","slice_150.png","icons","12","15","520","1020","by_type/icons/source_10_150_12x15.png"
"source_10","slice_151.png","icons","10","11","545","1022","by_type/icons/source_10_151_10x11.png"
"source_10","slice_130.png","icons","20","20","568","1017","by_type/icons/source_10_130_20x20.png"
"source_10","slice_132.png","icons","19","18","713","1018","by_type/icons/source_10_132_19x18.png"
"source_10","slice_029.png","icons","94","116","752","151","by_type/icons/source_10_029_94x116.png"
"source_10","slice_001.png","screens","583","242","21","7","by_type/screens/source_10_001_583x242.png"
"source_10","slice_105.png","screens","636","517","792","539","by_type/screens/source_10_105_636x517.png"
"source_11","slice_136.png","buttons","424","60","10","717","by_type/buttons/source_11_136_424x60.png"
"source_11","slice_026.png","buttons","179","61","1096","120","by_type/buttons/source_11_026_179x61.png"
"source_11","slice_183.png","buttons","136","45","1101","1013","by_type/buttons/source_11_183_136x45.png"
"source_11","slice_057.png","buttons","312","52","1106","223","by_type/buttons/source_11_057_312x52.png"
"source_11","slice_173.png","buttons","68","70","112","908","by_type/buttons/source_11_173_68x70.png"
"source_11","slice_002.png","buttons","273","62","1158","15","by_type/buttons/source_11_002_273x62.png"
"source_11","slice_172.png","buttons","267","75","1170","860","by_type/buttons/source_11_172_267x75.png"
"source_11","slice_135.png","buttons","172","61","1211","648","by_type/buttons/source_11_135_172x61.png"
"source_11","slice_147.png","buttons","192","53","1211","745","by_type/buttons/source_11_147_192x53.png"
"source_11","slice_055.png","buttons","208","54","679","223","by_type/buttons/source_11_055_208x54.png"
"source_11","slice_024.png","buttons","165","61","711","120","by_type/buttons/source_11_024_165x61.png"
"source_11","slice_134.png","buttons","421","62","9","653","by_type/buttons/source_11_134_421x62.png"
"source_11","slice_148.png","buttons","425","61","9","779","by_type/buttons/source_11_148_425x61.png"
"source_11","slice_025.png","buttons","175","61","900","120","by_type/buttons/source_11_025_175x61.png"
"source_11","slice_056.png","buttons","159","54","913","223","by_type/buttons/source_11_056_159x54.png"
"source_11","slice_182.png","buttons","139","45","958","1013","by_type/buttons/source_11_182_139x45.png"
"source_11","slice_157.png","buttons","173","62","979","836","by_type/buttons/source_11_157_173x62.png"
"source_11","slice_133.png","buttons","210","64","980","646","by_type/buttons/source_11_133_210x64.png"
"source_11","slice_146.png","buttons","184","53","981","745","by_type/buttons/source_11_146_184x53.png"
"source_11","slice_171.png","cards","927","205","13","863","by_type/cards/source_11_171_927x205.png"
"source_11","slice_087.png","cards","239","270","454","318","by_type/cards/source_11_087_239x270.png"
"source_11","slice_088.png","cards","237","351","717","326","by_type/cards/source_11_088_237x351.png"
"source_11","slice_089.png","cards","312","286","985","324","by_type/cards/source_11_089_312x286.png"
"source_11","slice_091.png","icons","119","119","152","368","by_type/icons/source_11_091_119x119.png"
"source_11","slice_001.png","screens","661","220","13","11","by_type/screens/source_11_001_661x220.png"
"source_11","slice_064.png","screens","393","351","15","272","by_type/screens/source_11_064_393x351.png"
"source_12","slice_107.png","buttons","79","31","106","559","by_type/buttons/source_12_107_79x31.png"
"source_12","slice_106.png","buttons","93","34","11","558","by_type/buttons/source_12_106_93x34.png"
"source_12","slice_183.png","buttons","333","47","11","914","by_type/buttons/source_12_183_333x47.png"
"source_12","slice_010.png","buttons","233","45","1175","112","by_type/buttons/source_12_010_233x45.png"
"source_12","slice_017.png","buttons","208","43","1175","169","by_type/buttons/source_12_017_208x43.png"
"source_12","slice_002.png","buttons","256","68","1178","18","by_type/buttons/source_12_002_256x68.png"
"source_12","slice_061.png","buttons","117","73","1179","405","by_type/buttons/source_12_061_117x73.png"
"source_12","slice_005.png","buttons","212","46","12","109","by_type/buttons/source_12_005_212x46.png"
"source_12","slice_115.png","buttons","82","31","12","608","by_type/buttons/source_12_115_82x31.png"
"source_12","slice_128.png","buttons","80","30","12","658","by_type/buttons/source_12_128_80x30.png"
"source_12","slice_062.png","buttons","124","61","1305","411","by_type/buttons/source_12_062_124x61.png"
"source_12","slice_160.png","buttons","66","36","153","782","by_type/buttons/source_12_160_66x36.png"
"source_12","slice_130.png","buttons","81","30","183","658","by_type/buttons/source_12_130_81x30.png"
"source_12","slice_117.png","buttons","81","31","184","608","by_type/buttons/source_12_117_81x31.png"
"source_12","slice_108.png","buttons","81","31","189","559","by_type/buttons/source_12_108_81x31.png"
"source_12","slice_161.png","buttons","66","36","224","782","by_type/buttons/source_12_161_66x36.png"
"source_12","slice_131.png","buttons","81","30","268","658","by_type/buttons/source_12_131_81x30.png"
"source_12","slice_118.png","buttons","82","31","269","608","by_type/buttons/source_12_118_82x31.png"
"source_12","slice_109.png","buttons","80","31","272","559","by_type/buttons/source_12_109_80x31.png"
"source_12","slice_006.png","buttons","200","46","287","109","by_type/buttons/source_12_006_200x46.png"
"source_12","slice_162.png","buttons","66","36","295","782","by_type/buttons/source_12_162_66x36.png"
"source_12","slice_110.png","buttons","50","55","379","567","by_type/buttons/source_12_110_50x55.png"
"source_12","slice_122.png","buttons","49","51","380","631","by_type/buttons/source_12_122_49x51.png"
"source_12","slice_193.png","buttons","250","73","402","970","by_type/buttons/source_12_193_250x73.png"
"source_12","slice_155.png","buttons","55","59","412","751","by_type/buttons/source_12_155_55x59.png"
"source_12","slice_168.png","buttons","42","41","418","852","by_type/buttons/source_12_168_42x41.png"
"source_12","slice_111.png","buttons","48","51","441","569","by_type/buttons/source_12_111_48x51.png"
"source_12","slice_123.png","buttons","48","51","441","631","by_type/buttons/source_12_123_48x51.png"
"source_12","slice_112.png","buttons","47","52","501","568","by_type/buttons/source_12_112_47x52.png"
"source_12","slice_124.png","buttons","47","51","501","631","by_type/buttons/source_12_124_47x51.png"
"source_12","slice_157.png","buttons","45","49","502","758","by_type/buttons/source_12_157_45x49.png"
"source_12","slice_169.png","buttons","42","42","504","852","by_type/buttons/source_12_169_42x42.png"
"source_12","slice_057.png","buttons","343","96","549","343","by_type/buttons/source_12_057_343x96.png"
"source_12","slice_113.png","buttons","46","52","561","568","by_type/buttons/source_12_113_46x52.png"
"source_12","slice_125.png","buttons","46","51","561","631","by_type/buttons/source_12_125_46x51.png"
"source_12","slice_007.png","buttons","185","46","563","109","by_type/buttons/source_12_007_185x46.png"
"source_12","slice_018.png","buttons","318","49","569","211","by_type/buttons/source_12_018_318x49.png"
"source_12","slice_156.png","buttons","67","55","580","752","by_type/buttons/source_12_156_67x55.png"
"source_12","slice_114.png","buttons","46","51","619","569","by_type/buttons/source_12_114_46x51.png"
"source_12","slice_126.png","buttons","46","51","619","631","by_type/buttons/source_12_126_46x51.png"
"source_12","slice_008.png","buttons","129","47","756","109","by_type/buttons/source_12_008_129x47.png"
"source_12","slice_159.png","buttons","67","36","80","782","by_type/buttons/source_12_159_67x36.png"
"source_12","slice_158.png","buttons","66","38","9","781","by_type/buttons/source_12_158_66x38.png"
"source_12","slice_016.png","buttons","245","34","911","176","by_type/buttons/source_12_016_245x34.png"
"source_12","slice_019.png","buttons","245","35","911","217","by_type/buttons/source_12_019_245x35.png"
"source_12","slice_035.png","buttons","245","34","911","259","by_type/buttons/source_12_035_245x34.png"
"source_12","slice_050.png","buttons","245","35","911","300","by_type/buttons/source_12_050_245x35.png"
"source_12","slice_058.png","buttons","245","34","911","342","by_type/buttons/source_12_058_245x34.png"
"source_12","slice_060.png","buttons","245","32","911","400","by_type/buttons/source_12_060_245x32.png"
"source_12","slice_009.png","buttons","201","45","932","110","by_type/buttons/source_12_009_201x45.png"
"source_12","slice_129.png","buttons","81","30","97","658","by_type/buttons/source_12_129_81x30.png"
"source_12","slice_116.png","buttons","82","31","98","608","by_type/buttons/source_12_116_82x31.png"
"source_12","slice_013.png","cards","248","296","10","173","by_type/cards/source_12_013_248x296.png"
"source_12","slice_014.png","cards","267","165","278","173","by_type/cards/source_12_014_267x165.png"
"source_12","slice_001.png","components","929","77","12","15","by_type/components/source_12_001_929x77.png"
"source_12","slice_059.png","components","244","157","278","355","by_type/components/source_12_059_244x157.png"
"source_12","slice_072.png","components","108","492","696","526","by_type/components/source_12_072_108x492.png"
"source_12","slice_087.png","icons","18","14","1001","522","by_type/icons/source_12_087_18x14.png"
"source_12","slice_088.png","icons","15","13","1022","522","by_type/icons/source_12_088_15x13.png"
"source_12","slice_089.png","icons","23","13","1038","522","by_type/icons/source_12_089_23x13.png"
"source_12","slice_036.png","icons","125","134","1179","260","by_type/icons/source_12_036_125x134.png"
"source_12","slice_049.png","icons","122","130","1307","264","by_type/icons/source_12_049_122x130.png"
"source_12","slice_015.png","icons","31","26","576","178","by_type/icons/source_12_015_31x26.png"
"source_12","slice_085.png","icons","10","13","979","522","by_type/icons/source_12_085_10x13.png"
"source_12","slice_086.png","icons","10","14","990","522","by_type/icons/source_12_086_10x14.png"
"source_12","slice_105.png","screens","732","490","702","547","by_type/screens/source_12_105_732x490.png"
"source_13","slice_051.png","buttons","259","93","1158","211","by_type/buttons/source_13_051_259x93.png"
"source_13","slice_056.png","buttons","259","93","1158","313","by_type/buttons/source_13_056_259x93.png"
"source_13","slice_059.png","buttons","259","93","1158","415","by_type/buttons/source_13_059_259x93.png"
"source_13","slice_003.png","buttons","242","62","1189","17","by_type/buttons/source_13_003_242x62.png"
"source_13","slice_115.png","buttons","90","99","127","667","by_type/buttons/source_13_115_90x99.png"
"source_13","slice_127.png","buttons","194","63","14","806","by_type/buttons/source_13_127_194x63.png"
"source_13","slice_095.png","buttons","161","39","196","597","by_type/buttons/source_13_095_161x39.png"
"source_13","slice_128.png","buttons","168","59","217","808","by_type/buttons/source_13_128_168x59.png"
"source_13","slice_114.png","buttons","88","98","22","668","by_type/buttons/source_13_114_88x98.png"
"source_13","slice_116.png","buttons","90","98","232","668","by_type/buttons/source_13_116_90x98.png"
"source_13","slice_094.png","buttons","162","39","25","597","by_type/buttons/source_13_094_162x39.png"
"source_13","slice_117.png","buttons","164","79","344","676","by_type/buttons/source_13_117_164x79.png"
"source_13","slice_096.png","buttons","170","39","368","597","by_type/buttons/source_13_096_170x39.png"
"source_13","slice_129.png","buttons","182","60","399","808","by_type/buttons/source_13_129_182x60.png"
"source_13","slice_166.png","buttons","69","68","399","924","by_type/buttons/source_13_166_69x68.png"
"source_13","slice_167.png","buttons","71","68","495","924","by_type/buttons/source_13_167_71x68.png"
"source_13","slice_118.png","buttons","192","79","523","676","by_type/buttons/source_13_118_192x79.png"
"source_13","slice_002.png","buttons","615","57","534","22","by_type/buttons/source_13_002_615x57.png"
"source_13","slice_097.png","buttons","167","39","548","597","by_type/buttons/source_13_097_167x39.png"
"source_13","slice_164.png","buttons","76","71","589","922","by_type/buttons/source_13_164_76x71.png"
"source_13","slice_168.png","buttons","78","72","685","924","by_type/buttons/source_13_168_78x72.png"
"source_13","slice_165.png","buttons","85","74","778","922","by_type/buttons/source_13_165_85x74.png"
"source_13","slice_098.png","cards","303","206","1052","590","by_type/cards/source_13_098_303x206.png"
"source_13","slice_001.png","cards","553","190","13","13","by_type/cards/source_13_001_553x190.png"
"source_13","slice_093.png","cards","274","211","743","583","by_type/cards/source_13_093_274x211.png"
"source_13","slice_023.png","cards","227","358","906","186","by_type/cards/source_13_023_227x358.png"
"source_13","slice_155.png","components","322","133","24","908","by_type/components/source_13_155_322x133.png"
"source_13","slice_083.png","icons","15","10","1266","570","by_type/icons/source_13_083_15x10.png"
"source_13","slice_061.png","icons","5","10","221","528","by_type/icons/source_13_061_5x10.png"
"source_13","slice_063.png","icons","5","10","263","528","by_type/icons/source_13_063_5x10.png"
"source_13","slice_053.png","icons","140","152","426","232","by_type/icons/source_13_053_140x152.png"
"source_13","slice_057.png","icons","156","150","465","393","by_type/icons/source_13_057_156x150.png"
"source_13","slice_156.png","icons","44","9","476","900","by_type/icons/source_13_156_44x9.png"
"source_13","slice_054.png","icons","136","153","574","232","by_type/icons/source_13_054_136x153.png"
"source_13","slice_161.png","icons","49","9","583","900","by_type/icons/source_13_161_49x9.png"
"source_13","slice_058.png","icons","154","151","637","392","by_type/icons/source_13_058_154x151.png"
"source_13","slice_154.png","icons","48","11","649","899","by_type/icons/source_13_154_48x11.png"
"source_13","slice_048.png","icons","32","11","657","212","by_type/icons/source_13_048_32x11.png"
"source_13","slice_055.png","icons","143","153","718","232","by_type/icons/source_13_055_143x153.png"
"source_13","slice_052.png","screens","372","335","29","230","by_type/screens/source_13_052_372x335.png"
"source_13","slice_141.png","screens","467","256","887","820","by_type/screens/source_13_141_467x256.png"
"source_14","slice_085.png","buttons","121","45","10","985","by_type/buttons/source_14_085_121x45.png"
"source_14","slice_008.png","buttons","181","47","1069","112","by_type/buttons/source_14_008_181x47.png"
"source_14","slice_053.png","buttons","181","31","1088","592","by_type/buttons/source_14_053_181x31.png"
"source_14","slice_076.png","buttons","242","39","114","760","by_type/buttons/source_14_076_242x39.png"
"source_14","slice_002.png","buttons","270","63","1165","18","by_type/buttons/source_14_002_270x63.png"
"source_14","slice_071.png","buttons","75","74","1215","747","by_type/buttons/source_14_071_75x74.png"
"source_14","slice_019.png","buttons","190","46","1222","270","by_type/buttons/source_14_019_190x46.png"
"source_14","slice_022.png","buttons","190","48","1222","328","by_type/buttons/source_14_022_190x48.png"
"source_14","slice_033.png","buttons","190","47","1222","388","by_type/buttons/source_14_033_190x47.png"
"source_14","slice_040.png","buttons","189","47","1222","446","by_type/buttons/source_14_040_189x47.png"
"source_14","slice_046.png","buttons","189","46","1222","505","by_type/buttons/source_14_046_189x46.png"
"source_14","slice_013.png","buttons","181","42","1226","216","by_type/buttons/source_14_013_181x42.png"
"source_14","slice_009.png","buttons","159","47","1263","112","by_type/buttons/source_14_009_159x47.png"
"source_14","slice_086.png","buttons","113","45","142","985","by_type/buttons/source_14_086_113x45.png"
"source_14","slice_050.png","buttons","195","37","161","558","by_type/buttons/source_14_050_195x37.png"
"source_14","slice_080.png","buttons","494","105","2","798","by_type/buttons/source_14_080_494x105.png"
"source_14","slice_087.png","buttons","163","45","266","985","by_type/buttons/source_14_087_163x45.png"
"source_14","slice_088.png","buttons","163","47","439","984","by_type/buttons/source_14_088_163x47.png"
"source_14","slice_058.png","buttons","183","87","559","614","by_type/buttons/source_14_058_183x87.png"
"source_14","slice_051.png","buttons","227","37","675","566","by_type/buttons/source_14_051_227x37.png"
"source_14","slice_012.png","buttons","206","47","692","213","by_type/buttons/source_14_012_206x47.png"
"source_14","slice_006.png","buttons","161","61","738","101","by_type/buttons/source_14_006_161x61.png"
"source_14","slice_059.png","buttons","173","82","756","618","by_type/buttons/source_14_059_173x82.png"
"source_14","slice_007.png","buttons","141","47","915","112","by_type/buttons/source_14_007_141x47.png"
"source_14","slice_010.png","buttons","210","45","974","195","by_type/buttons/source_14_010_210x45.png"
"source_14","slice_011.png","cards","245","328","175","213","by_type/cards/source_14_011_245x328.png"
"source_14","slice_015.png","cards","175","286","18","255","by_type/cards/source_14_015_175x286.png"
"source_14","slice_016.png","cards","177","286","398","255","by_type/cards/source_14_016_177x286.png"
"source_14","slice_070.png","cards","357","250","515","723","by_type/cards/source_14_070_357x250.png"
"source_14","slice_001.png","cards","675","187","6","7","by_type/cards/source_14_001_675x187.png"
"source_14","slice_017.png","cards","161","280","620","268","by_type/cards/source_14_017_161x280.png"
"source_14","slice_018.png","cards","158","280","791","268","by_type/cards/source_14_018_158x280.png"
"source_14","slice_014.png","cards","229","317","964","245","by_type/cards/source_14_014_229x317.png"
"source_14","slice_023.png","icons","140","138","1009","339","by_type/icons/source_14_023_140x138.png"
"source_14","slice_055.png","icons","84","123","113","600","by_type/icons/source_14_055_84x123.png"
"source_14","slice_054.png","icons","84","123","17","600","by_type/icons/source_14_054_84x123.png"
"source_14","slice_056.png","icons","85","123","212","600","by_type/icons/source_14_056_85x123.png"
"source_14","slice_057.png","icons","86","124","312","600","by_type/icons/source_14_057_86x124.png"
"source_14","slice_052.png","icons","87","125","413","599","by_type/icons/source_14_052_87x125.png"
"source_14","slice_066.png","icons","6","11","667","666","by_type/icons/source_14_066_6x11.png"
"source_14","slice_069.png","icons","6","12","859","666","by_type/icons/source_14_069_6x12.png"
"source_14","slice_060.png","screens","473","439","957","627","by_type/screens/source_14_060_473x439.png"
"source_15","slice_016.png","buttons","128","103","1031","119","by_type/buttons/source_15_016_128x103.png"
"source_15","slice_002.png","buttons","282","64","1129","17","by_type/buttons/source_15_002_282x64.png"
"source_15","slice_017.png","buttons","110","100","1175","119","by_type/buttons/source_15_017_110x100.png"
"source_15","slice_018.png","buttons","109","100","1302","119","by_type/buttons/source_15_018_109x100.png"
"source_15","slice_093.png","buttons","481","51","16","695","by_type/buttons/source_15_093_481x51.png"
"source_15","slice_014.png","buttons","143","104","696","117","by_type/buttons/source_15_014_143x104.png"
"source_15","slice_129.png","buttons","61","67","736","835","by_type/buttons/source_15_129_61x67.png"
"source_15","slice_133.png","buttons","60","66","736","918","by_type/buttons/source_15_133_60x66.png"
"source_15","slice_130.png","buttons","61","68","799","834","by_type/buttons/source_15_130_61x68.png"
"source_15","slice_134.png","buttons","61","66","799","918","by_type/buttons/source_15_134_61x66.png"
"source_15","slice_015.png","buttons","160","104","859","117","by_type/buttons/source_15_015_160x104.png"
"source_15","slice_131.png","buttons","61","68","863","834","by_type/buttons/source_15_131_61x68.png"
"source_15","slice_135.png","buttons","61","66","863","918","by_type/buttons/source_15_135_61x66.png"
"source_15","slice_132.png","buttons","61","68","927","834","by_type/buttons/source_15_132_61x68.png"
"source_15","slice_136.png","buttons","61","66","927","918","by_type/buttons/source_15_136_61x66.png"
"source_15","slice_073.png","buttons","458","101","966","515","by_type/buttons/source_15_073_458x101.png"
"source_15","slice_086.png","buttons","457","85","966","646","by_type/buttons/source_15_086_457x85.png"
"source_15","slice_121.png","cards","442","175","11","808","by_type/cards/source_15_121_442x175.png"
"source_15","slice_046.png","cards","225","205","1150","276","by_type/cards/source_15_046_225x205.png"
"source_15","slice_119.png","cards","235","249","483","789","by_type/cards/source_15_119_235x249.png"
"source_15","slice_045.png","components","566","162","524","278","by_type/components/source_15_045_566x162.png"
"source_15","slice_112.png","screens","431","297","1002","773","by_type/screens/source_15_112_431x297.png"
"source_15","slice_001.png","screens","663","228","12","15","by_type/screens/source_15_001_663x228.png"
"source_15","slice_044.png","screens","471","358","19","280","by_type/screens/source_15_044_471x358.png"
"source_15","slice_062.png","screens","425","220","518","496","by_type/screens/source_15_062_425x220.png"
"source_16","slice_006.png","cards","185","258","1095","238","by_type/cards/source_16_006_185x258.png"
"source_16","slice_010.png","cards","195","257","1299","240","by_type/cards/source_16_010_195x257.png"
"source_16","slice_007.png","cards","189","256","1515","239","by_type/cards/source_16_007_189x256.png"
"source_16","slice_008.png","cards","194","261","1710","235","by_type/cards/source_16_008_194x261.png"
"source_16","slice_009.png","cards","192","258","1917","237","by_type/cards/source_16_009_192x258.png"
"source_16","slice_002.png","cards","131","262","272","234","by_type/cards/source_16_002_131x262.png"
"source_16","slice_003.png","cards","181","259","453","237","by_type/cards/source_16_003_181x259.png"
"source_16","slice_001.png","cards","198","257","51","239","by_type/cards/source_16_001_198x257.png"
"source_16","slice_004.png","cards","184","258","657","239","by_type/cards/source_16_004_184x258.png"
"source_16","slice_005.png","cards","210","257","862","239","by_type/cards/source_16_005_210x257.png"
"source_17","slice_001.png","screens","1672","941","0","0","by_type/screens/source_17_001_1672x941.png"
